{"cameraMode":{"drawMode":0,"name":"Shaded","section":"Shading Mode"},"sceneLighting":false,"audioPlay":false,"sceneViewState":{"m_AlwaysRefresh":false,"showFog":true,"showSkybox":false,"showFlares":true,"showImageEffects":true,"showParticleSystems":true,"showVisualEffectGraphs":true,"m_FxEnabled":true},"in2DMode":false,"pivot":{"x":-0.07309365272521973,"y":0.4332926869392395,"z":3.3635003566741945},"rotation":{"x":0.005340399220585823,"y":0.9344178438186646,"z":-0.014016693457961083,"w":0.35588309168815615},"size":0.4901043176651001,"orthographic":false}