{"cameraMode":{"drawMode":0,"name":"Shaded","section":"Shading Mode"},"sceneLighting":false,"audioPlay":false,"sceneViewState":{"m_AlwaysRefresh":false,"showFog":true,"showSkybox":false,"showFlares":true,"showImageEffects":true,"showParticleSystems":true,"showVisualEffectGraphs":true,"m_FxEnabled":true},"in2DMode":false,"pivot":{"x":0.2902642488479614,"y":1.5607761144638062,"z":-3.0095126628875734},"rotation":{"x":-0.07941662520170212,"y":-0.008678741753101349,"z":0.0006583584472537041,"w":-0.9968392848968506},"size":0.8660253882408142,"orthographic":false}