{"cameraMode":{"drawMode":0,"name":"Shaded","section":"Shading Mode"},"sceneLighting":false,"audioPlay":false,"sceneViewState":{"m_AlwaysRefresh":false,"showFog":true,"showSkybox":false,"showFlares":true,"showImageEffects":true,"showParticleSystems":true,"showVisualEffectGraphs":true,"m_FxEnabled":true},"in2DMode":false,"pivot":{"x":-0.12691949307918549,"y":0.6362919211387634,"z":-0.24935303628444673},"rotation":{"x":-0.1270352303981781,"y":-0.044328879565000537,"z":0.005671254359185696,"w":-0.9909427762031555},"size":1.55789315700531,"orthographic":false}